datasetid;title;description;theme;keyword;license;license_url;language;timezone;modified;modified_updates_on_metadata_change;modified_updates_on_data_change;data_processed;metadata_processed;geographic_reference;geographic_reference_auto;territory;publisher;references;records_count;attributions;source_domain;source_domain_title;source_domain_address;source_dataset;shared_catalog;federated;oauth_scope;parent_domain;dcat.created;dcat.issued;dcat.creator;dcat.contributor;dcat.contact_name;dcat.contact_email;dcat.accrualperiodicity;dcat.spatial;dcat.temporal;dcat.granularity;dcat.dataquality;dcat.publisher_type;inspire.theme;inspire.type;inspire.file_identifier;inspire.hierarchy_level;inspire.hierarchy_level_name;inspire.spatial_resolution;inspire.topologic_consistency;inspire.contact_individual_name;inspire.contact_position;inspire.contact_address;inspire.contact_email;inspire.identification_purpose;inspire.extend_description;inspire.extend_bounding_box_westbound_longitude;inspire.extend_bounding_box_eastbound_longitude;inspire.extend_bounding_box_southbound_latitude;inspire.extend_bounding_box_northbound_latitude;dcat_ap_ch.domain;dcat_ap_ch.rights;semantic.rml_mapping;semantic.classes;semantic.properties;explore.download_count
route-du-rhum-2014-implantation-des-bateaux-dans-le-port-de-saint-malo;ROUTE DU RHUM 2014 - Implantation des bateaux dans le port de Saint-Malo;<p>Implantation géographique des bateaux concurrents, sur les pontons et les quais des bassins intérieurs du port de Saint-Malo, lors de la Route du Rhum 2014.</p><p>Les fichiers sont fournis en date du 7 octobre 2014. En fonction des inscriptions définitives et des résultats des qualifications, l'implantation peut varier jusqu'à la date du départ, le 2 novembre 2014.</p>;Sport, Loisirs;voile, sport, port, course, rhum, transatlantique, compétition;Licence Ouverte (Etalab);https://www.etalab.gouv.fr/wp-content/uploads/2014/05/Licence_Ouverte.pdf;fr;;2014-10-17 10:10:33+00:00;;;2017-12-30 15:26:25+00:00;2017-12-30 15:26:26+00:00;;;;Ville de Saint-Malo;https://www.data.gouv.fr/fr/datasets/route-du-rhum-2014-implantation-des-bateaux-dans-le-port-de-saint-malo/;91;;;;;;;FALSE;;;;;;;;;;;;;;;;;;;;;;;;;;;;;;;;;;;;;13
points-dapport-volontaire-shp;Points d'Apport Volontaire;<p>Localisation géographique des points d'apport volontaire, avec identification de la commune et du type de point (colonne papier ou verre, en surface ou enterrée,...</p>;Environnement;dechets, verre, collecte;Licence Ouverte (Etalab);https://www.etalab.gouv.fr/wp-content/uploads/2014/05/Licence_Ouverte.pdf;;;2015-10-19 12:09:10+00:00;;;2017-12-30 15:30:50+00:00;2017-12-30 15:30:51+00:00;;;;SAINT-MALO AGGLOMERATION;https://www.data.gouv.fr/fr/datasets/points-dapport-volontaire-shp/;274;;;;;;;FALSE;;;;;;;;;;;;;;;;;;;;;;;;;;;;;;;;;;;;;32
emplacement-des-arrets-de-bus-du-reseau-transport-saint-malo-agglomeration;Emplacement des Arrêts de Bus du Réseau Transport Saint-Malo Agglomération;<p>Localisation géographique des arrêts de bus du réseau de transport urbain et péri-urbain sur le territoire de l’agglomération du Pays de Saint-Malo.</p>;Transports, Déplacements;reseau-de-transport, bus, arret, transport;Open Database License (ODbL);http://opendatacommons.org/licenses/odbl/;;;2015-10-19 12:09:11+00:00;;;2017-12-30 15:30:58+00:00;2017-12-30 15:30:59+00:00;;;;SAINT-MALO AGGLOMERATION;https://www.data.gouv.fr/fr/datasets/emplacement-des-arrets-de-bus-du-reseau-transport-saint-malo-agglomeration-2/;273;;;;;;;FALSE;;;;;;;;;;;;;;;;;;;;;;;;;;;;;;;;;;;;;96
quartiers-de-saint-malo;Quartiers de Saint-Malo;<p>Délimitation des quartiers de Saint-Malo, avec indication d'autres informations :</p><ul><li>élus de quartiers</li><li>lieu de permanence (maisons de quartier)</li><li>horaires de permanence</li></ul>;Administration, Gouvernement, Finances publiques, Citoyenneté;quartier, élus;Licence Ouverte (Etalab);https://www.etalab.gouv.fr/wp-content/uploads/2014/05/Licence_Ouverte.pdf;;;2015-10-19 12:17:50+00:00;;;2017-12-30 17:47:23+00:00;2017-12-30 17:47:24+00:00;;;;Ville de Saint-Malo;https://www.data.gouv.fr/fr/datasets/quartiers-de-saint-malo/;15;;;;;;;FALSE;;;;;;;;;;;;;;;;;;;;;;;;;;;;;;;;;;;;;43
plages-sans-tabac;Plages sans tabac;<p>Depuis 2013, sur certaines portions de plages malouines, il est interdit de fumer par arrêté municipal.</p><p>Cette interdiction est valable pendant toute la période de surveillance des plages, en juillet et aout de chaque année.</p>;Santé, Environnement;plage, littoral, tabac, santé;Licence Ouverte (Etalab);https://www.etalab.gouv.fr/wp-content/uploads/2014/05/Licence_Ouverte.pdf;fr;;2015-10-19 12:18:05+00:00;;;2017-12-30 17:46:57+00:00;2017-12-30 17:46:58+00:00;;;;Ville de Saint-Malo;https://www.data.gouv.fr/fr/datasets/plages-sans-tabac/;3;;;;;;;FALSE;;;;;;;;;;;;;;;;;;;;;;;;;;;;;;;;;;;;;68
emplacement-des-stations-service-a-saint-malo;Emplacement des stations service à Saint-Malo;"<p>Liste et localisation des points de distribution de carburants (""stations service"") sur le territoire de la commune.</p><p>Le champ ""id"" associé à chaque station est celui utilisé par le Ministère de l'Economie, notamment sur le site <a href=""http://www.prix-carburants.gouv.fr"" target=""_blank"">http://www.prix-carburants.gouv.fr</a>.</p><p>La disponibilité de chaque type de carburant est indiqué par un code binaire (0/1)</p>";Transports, Déplacements;carburant;Licence Ouverte (Etalab);https://www.etalab.gouv.fr/wp-content/uploads/2014/05/Licence_Ouverte.pdf;;;2015-10-19 12:18:08+00:00;;;2017-12-30 15:28:52+00:00;2017-12-30 15:28:53+00:00;;;;Ville de Saint-Malo;https://www.data.gouv.fr/fr/datasets/emplacement-des-stations-service-a-saint-malo-1/;8;Ministère de l'Economie, de l'Industrie et du Numérique;;;;;;FALSE;;;;;;;;;;;;;;;;;;;;;;;;;;;;;;;;;;;;;17
centrales-photovoltaiques-communales;Centrales photovoltaïques communales;Localisation et liste des centrales photovoltaïques installées sur des propriétés communales;Aménagement du territoire, Urbanisme, Bâtiments, Equipements, Logement;photovoltaique, solaire, énergie, électricité, renouvelable;Licence Ouverte (Etalab);https://www.etalab.gouv.fr/wp-content/uploads/2014/05/Licence_Ouverte.pdf;;;2015-10-19 12:18:10+00:00;;;2017-12-30 17:46:45+00:00;2017-12-30 17:46:46+00:00;;;;Ville de Saint-Malo;https://www.data.gouv.fr/fr/datasets/centrales-photovoltaiques-communales/;3;;;;;;;FALSE;;;;;;;;;;;;;;;;;;;;;;;;;;;;;;;;;;;;;12
cimetieres-malouins;Cimetières malouins;"Localisation et emprise des 8 cimetières de Saint-Malo, et du crématorium.

La présence éventuelle d'un carré militaire est indiquée.";Aménagement du territoire, Urbanisme, Bâtiments, Equipements, Logement;crématorium, cimetière;Licence Ouverte (Etalab);https://www.etalab.gouv.fr/wp-content/uploads/2014/05/Licence_Ouverte.pdf;;;2015-10-19 12:18:19+00:00;;;2017-12-30 17:46:29+00:00;2017-12-30 17:46:30+00:00;;;;Ville de Saint-Malo;https://www.data.gouv.fr/fr/datasets/cimetieres-malouins/;9;;;;;;;FALSE;;;;;;;;;;;;;;;;;;;;;;;;;;;;;;;;;;;;;22
index-des-rues;Index des rues;Liste des voies publiques, avec nom complet officiel et appartenance à l'un des 15 quartiers de Saint-Malo.;Aménagement du territoire, Urbanisme, Bâtiments, Equipements, Logement;voirie, voie, rue;Licence Ouverte (Etalab);https://www.etalab.gouv.fr/wp-content/uploads/2014/05/Licence_Ouverte.pdf;;;2015-10-19 12:18:23+00:00;;;2017-12-30 15:28:48+00:00;2017-12-30 15:28:49+00:00;;;;Ville de Saint-Malo;https://www.data.gouv.fr/fr/datasets/index-des-rues/;1205;;;;;;;FALSE;;;;;;;;;;;;;;;;;;;;;;;;;;;;;;;;;;;;;60
collecteurs-de-piles-et-batteries-usagees;Collecteurs de piles et batteries usagées;"Localisation des bacs de collecte pour les piles et petites batteries usagées, dans les bâtiments municipaux.
";Environnement;déchets, environnement, collecte;Licence Ouverte (Etalab);https://www.etalab.gouv.fr/wp-content/uploads/2014/05/Licence_Ouverte.pdf;;;2015-10-19 12:18:25+00:00;;;2017-12-30 15:26:49+00:00;2017-12-30 15:26:51+00:00;;;;Ville de Saint-Malo;https://www.data.gouv.fr/fr/datasets/collecteurs-de-piles-et-batteries-usagees/;4;;;;;;;FALSE;;;;;;;;;;;;;;;;;;;;;;;;;;;;;;;;;;;;;12
suivez-lhermine-;Suivez l'hermine !;"<p>150 clous, ornés d'une hermine, sont disséminés dans les rues de la Cité Corsaire. Ils matérialisent un parcours historique jalonné de 42 bornes explicatives (dont les données ouvertes sont disponibles <a href=""/explore/dataset/parcours-historique-saint-malo-intra-muros/"">ici</a> </p><p>L'hermine représente les armoiries de la Ville de Saint-Malo, et rappelle son appartenance au duché de Bretagne.</p><p><img src=""http://www.ville-saint-malo.fr/fileadmin/saintmalo/MEDIA/Grand_projets/opendata/plot_hermine.png""/></p>";Culture, Patrimoine;culture, histoire, patrimoine, tourisme;Licence Ouverte (Etalab);https://www.etalab.gouv.fr/wp-content/uploads/2014/05/Licence_Ouverte.pdf;;;2015-10-19 12:18:33+00:00;;;2017-12-30 17:46:13+00:00;2017-12-30 17:46:14+00:00;;;;Ville de Saint-Malo;https://www.data.gouv.fr/fr/datasets/suivez-lhermine/;1;;;;;;;FALSE;;;;;;;;;;;;;;;;;;;;;;;;;;;;;;;;;;;;;20
parcours-historique-saint-malo-intra-muros;Parcours historique Saint-Malo Intra-Muros;"<p>Liste et localisation des 42 bornes jalonnant le parcours historique dans la vieille ville de Saint-Malo (""Intra-Muros"").</p><p>A chaque panneau (au nombre de 35) et chaque pupitre (au nombre de 7) est associé un QR code qui renvoie vers une page web riche en explications, photos, vidéos ou archives audio.</p><p><img src=""http://www.ville-saint-malo.fr/fileadmin/saintmalo/MEDIA/Grand_projets/opendata/parcours_historique.png""/></p><p>Le tracé qui relie ces bornes, intitulé ""<em>Suivez l'hermine</em>"" est disponible <a href=""/explore/dataset/suivez-lhermine-/"">ici</a>.</p>";Culture, Patrimoine;culture, histoire, patrimoine, tourisme, monument;Licence Ouverte (Etalab);https://www.etalab.gouv.fr/wp-content/uploads/2014/05/Licence_Ouverte.pdf;fr;;2015-10-19 12:18:34+00:00;;;2017-12-30 17:45:16+00:00;2017-12-30 17:45:17+00:00;;;;Ville de Saint-Malo;https://www.data.gouv.fr/fr/datasets/parcours-historique-saint-malo-intra-muros/;42;;;;;;;FALSE;;;;;;;;;;;;;;;;;;;;;;;;;;;;;;;;;;;;;23
campings;Campings;<p>Localisation des campings municipaux et privés sur le territoire de la commune de Saint-Malo</p>;Aménagement du territoire, Urbanisme, Bâtiments, Equipements, Logement;hebergement, tourisme, camping, camping-car;Licence Ouverte (Etalab);https://www.etalab.gouv.fr/wp-content/uploads/2014/05/Licence_Ouverte.pdf;;;2015-10-19 12:18:37+00:00;;;2017-12-30 17:44:22+00:00;2017-12-30 17:44:23+00:00;;;;Ville de Saint-Malo;https://www.data.gouv.fr/fr/datasets/campings/;4;;;;;;;FALSE;;;;;;;;;;;;;;;;;;;;;;;;;;;;;;;;;;;;;31
equipement-sport-loisir-par-communes-2014-iris;Equipement sports et loisirs 2014;<p>La base dénombre les équipements dans le domaine du sport, des loisirs et de la culture au niveau infracommunal (IRIS)</p>;Sport, Loisirs, Culture, Patrimoine;théâtre, Cinéma, Randonné, Plaisance, Baignade, Multisports, Bowling, Skate, Roller, Combat, Salles de sports, sportif, santé, Golf, Athlétisme, Equitation, équestre, Ski, Cyclisme, Tennis, Boulodrome, Natation;http://www.insee.fr/fr/service/default.asp?page=rediffusion/copyright.htm;;fr;;2015-10-20 08:59:30+00:00;;;2017-03-25 05:56:56+00:00;2019-12-27 02:20:28.252061+00:00;;;;INSEE;http://www.insee.fr/fr/themes/detail.asp?reg_id=99&ref_id=equip-sport-loisir-socio;21;;;;;;;TRUE;;;;;;;;;;;;;;;;;;;;;;;;;;;;;;;;;;;;;19
nombre-de-fonctions-medicales-et-paramedicales-2014-iris;Nombre de fonctions médicales et paramédicales 2014 (IRIS);<p>Deux bases dénombrent les fonctions médicales et paramédicales, l'une  au niveau communal (arrondissement municipal et commune), l'autre au  niveau infracommunal (IRIS).</p><p>La base infracommunale au niveau IRIS concerne les communes de  France hors Mayotte de 10 000 habitants ou plus. Les IRIS sans  équipements ne sont pas listés dans les fichiers.</p>;Santé;Médical, Paramédical;http://www.insee.fr/fr/service/default.asp?page=rediffusion/copyright.htm;;fr;;2015-10-20 09:17:06+00:00;;;2017-03-25 05:54:31+00:00;2019-12-27 02:20:29.342880+00:00;;;;INSEE;http://www.insee.fr/fr/themes/detail.asp?reg_id=99&ref_id=equip-serv-medical-para;22;;;;;;;TRUE;;;;;;;;;;;;;;;;;;;;;;;;;;;;;;;;;;;;;9
offres-demploi-anonymisees;Offres d'emploi anonymisées;<p>Liste des offres d'emploi actives de Pôle Emploi situées dans l'une des 18 communes de Saint-Malo Agglomération</p>;Economie, Business, PME, Développement économique, Emploi;Offres d'emploi;"http://www.emploi-store-dev.fr/portail-developpeur/espacedonneesdoctechnique.contratadhesion;jsessionid=9O1ruXKPn2kWYaWXNyKaInpns2IjiNTMdfCLsTGYRzTvYunNNF8I!2094348772";;fr;;2015-10-20 09:23:57+00:00;;;2017-03-22 11:17:46+00:00;2019-12-27 02:20:30.428073+00:00;;;;Pôle Emploi;http://www.emploi-store-dev.fr/portail-developpeur/espacedonneesdoctechnique#;188;;;;;;;TRUE;;;;;;;;;;;;;;;;;;;;;;;;;;;;;;;;;;;;;9
annuaire-des-debits-de-tabac;Annuaire des débits de tabac;Désignation commerciale et adresse postale des débits de tabac en activité.;Economie, Business, PME, Développement économique, Emploi;tabac;Licence Ouverte (Etalab);https://www.etalab.gouv.fr/wp-content/uploads/2014/05/Licence_Ouverte.pdf;fr;;2015-10-20 13:23:10+00:00;;;2017-03-22 11:15:30+00:00;2019-12-27 02:20:32.457742+00:00;;;;Ministère des finances et des comptes publics;https://www.data.gouv.fr/fr/datasets/adresses-des-debits-de-tabac/;48;Geographical locations from OpenStreetMap contributors - http://www.openstreetmap.org;;;;;;TRUE;;;;;;;;;;;;;;;;;;;;;;;;;;;;;;;;;;;;;13
delinquance-2014-en-france;Chiffres Délinquance 2014;"<p>Ces données constituent une actualisation des volumes Criminalité et délinquance constatées en France édités par la Direction centrale de la police judiciaire, publiés jusqu’en 2013 à la Documentation française, et disponibles sur son site internet. Elles contiennent des informations, de caractère administratif, sur l’activité judiciaire des 388 compagnies de gendarmerie départementale et les 405 circonscriptions de sécurité publique de France, y compris celles des DOM-COM, en 2014.</p><p>Le présent jeu de données concerne la zone ""Saint-Malo"".</p>";Justice, Sécurité, Police, Crime;délinquance, Crimes, criminalité;Licence Ouverte (Etalab);https://www.etalab.gouv.fr/wp-content/uploads/2014/05/Licence_Ouverte.pdf;fr;;2015-10-20 13:26:18+00:00;;;2017-03-22 11:14:34+00:00;2019-12-27 02:20:34.155552+00:00;;;;Ministère de l'Intérieur;https://www.data.gouv.fr/fr/datasets/chiffres-relatifs-aux-crimes-et-delits-enregistres-par-les-circonscriptions-de-securite-publique-et-les-compagnies-de-gendarmerie-en-2014/;211;;;;;;;TRUE;;;;;;;;;;;;;;;;;;;;;;;;;;;;;;;;;;;;;21
postes-de-secours-sur-les-plages;Postes de secours sur les plages;<p>Pendant la saison estivale sont installés des postes de secours amovibles sur 10 plages de Saint-Malo. La surveillance de la baignade est assurée par des Maitres Nageurs Sauveteurs CRS ainsi que par des volontaires de la Société Nationale de Sauvetage en Mer.</p><p>Ce jeu de données localise les postes de secours sur les plages.</p>;Sport, Loisirs;baignade, mns, plage, secours;Licence Ouverte (Etalab);https://www.etalab.gouv.fr/wp-content/uploads/2014/05/Licence_Ouverte.pdf;fr;;2015-11-17 17:00:30+00:00;;;2017-12-30 15:27:56+00:00;2017-12-30 15:27:57+00:00;;;;Ville de Saint-Malo;https://www.data.gouv.fr/fr/datasets/postes-de-secours/;10;;;;;;;FALSE;;;;;;;;;;;;;;;;;;;;;;;;;;;;;;;;;;;;;12
zones-de-mouillages;Zones de mouillages;<p>La Ville de Saint-Malo est titulaire d'AOT (autorisation d'occupation temporaire) sur le domaine public maritime, afin d'y organiser des zones de mouillage pour les bateaux de plaisance.</p><p>La gestion effective de ces zones, a été confiée à des associations de plaisanciers. Ce jeu de données localise les polygones qui matérialisent les zones de mouillage sur le littoral malouin.</p>;Aménagement du territoire, Urbanisme, Bâtiments, Equipements, Logement;aot, dpm, littoral, plaisance;Licence Ouverte (Etalab);https://www.etalab.gouv.fr/wp-content/uploads/2014/05/Licence_Ouverte.pdf;fr;;2015-11-17 17:07:03+00:00;;;2017-12-30 15:28:24+00:00;2017-12-30 15:28:25+00:00;;;;Ville de Saint-Malo;https://www.data.gouv.fr/fr/datasets/zones-de-mouillages/;6;;;;;;;FALSE;;;;;;;;;;;;;;;;;;;;;;;;;;;;;;;;;;;;;21
defibrillateurs;Défibrillateurs;<p>Localisation des défibrillateurs automatiques externes (DAE) gérés par la commune.</p>;Santé;santé, secours, urgence;Licence Ouverte (Etalab);https://www.etalab.gouv.fr/wp-content/uploads/2014/05/Licence_Ouverte.pdf;fr;;2015-11-17 17:22:40+00:00;;;2017-12-30 15:28:50+00:00;2017-12-30 15:28:51+00:00;;;;Ville de Saint-Malo;https://www.data.gouv.fr/fr/datasets/defibrillateurs-1/;26;;;;;;;FALSE;;;;;;;;;;;;;;;;;;;;;;;;;;;;;;;;;;;;;27
liste-des-marches-publics-conclus-en-2014;Liste des marchés publics conclus en 2014 par la Ville de Saint-Malo;<p>Liste des marchés conclus par la Ville de Saint-Malo en 2014.</p><p>En application de l'article 133 du Code des Marchés Publics, sont listés les marchés dont le montant H.T. est supérieur au seuil de 15 000 €.</p><div>La colonne Montant HT indique le montant initialement prévu au marché.</div><div>En fonction du type de marché, est indiqué le montant de la première année (marchés reconductibles), le montant maximum (marchés à bons de commandes) ou le cumul de toutes les tranches (marchés à tranches conditionnelles).</div><div>Il s'agit donc d'une autorisation de dépense, et non d'une dépense effectivement mandatée.</div>;Administration, Gouvernement, Finances publiques, Citoyenneté;marché, finance, budget;Licence Ouverte (Etalab);https://www.etalab.gouv.fr/wp-content/uploads/2014/05/Licence_Ouverte.pdf;fr;;2015-11-18 16:38:09+00:00;;;2017-12-30 15:30:47+00:00;2017-12-30 15:30:48+00:00;;;;Ville de Saint-Malo;;111;;;;;;;FALSE;;;;;;;;;;;;;;;;;;;;;;;;;;;;;;;;;;;;;23
escales-de-croisieres-dans-le-port-de-saint-malo;Escales de croisières dans le port de Saint-Malo;"<p>Chaque année, le port de Saint-Malo accueille plusieurs dizaines d'escales de bateaux de croisière.</p><p>C'est la Chambre de Commerce et d'Industrie de Saint-Malo Fougères qui a la charge de l'accueil de ces paquebots parfois imposants.</p><p style=""text-align: center;""><img src=""/assets/theme_image/croisiere-port-saint-malo.jpg"" style=""width: 374px;""/></p>";Economie, Business, PME, Développement économique, Emploi;port, tourisme, économie;Licence Ouverte (Etalab);https://www.etalab.gouv.fr/wp-content/uploads/2014/05/Licence_Ouverte.pdf;fr;;2015-11-27 09:52:23+00:00;;;2017-12-30 15:29:00+00:00;2017-12-30 15:29:01+00:00;;;;CCI de Saint-Malo Fougères;http://www.saintmalofougeres.cci.fr/fr/saint-malo-escale-de-croisiere.html;33;;;;;;;FALSE;;;;;;;;;;;;;;;;;;;;;;;;;;;;;;;;;;;;;10
frequentation-de-loffice-du-tourisme;Fréquentation de l'Office du Tourisme;<p>Données de fréquentation de l'Office du Tourisme de Saint-Malo, ERP communal.</p><p>Le fichier collecte depuis 1998 les données mensuelles du compteur de passages installé dans l'Office.</p><p>Depuis 2014, le nouvel Office de Tourisme est installé au centre de l'Esplanade Saint-Vincent.</p>;Economie, Business, PME, Développement économique, Emploi;tourisme, erp;Licence Ouverte (Etalab);https://www.etalab.gouv.fr/wp-content/uploads/2014/05/Licence_Ouverte.pdf;;;2016-03-31 07:45:40+00:00;;;2017-12-30 15:30:18+00:00;2017-12-30 15:30:19+00:00;;;;Ville de Saint-Malo;https://www.data.gouv.fr/fr/datasets/frequentation-de-l-office-du-tourisme/;18;Office du Tourisme de Saint-Malo;;;;;;FALSE;;;;;;;;;;;;;;;;;;;;;;;;;;;;;;;;;;;;;23
liste-des-marches-publics-conclus-en-2015;Liste des marchés publics conclus en 2015 par la Ville de Saint-Malo;<p>Liste des marchés conclus par la Ville de Saint-Malo en 2015.</p><p>En application de l'article 133 du Code des Marchés Publics, sont listés les marchés dont le montant H.T. est supérieur au seuil de 15 000 €.</p><div>La colonne Montant HT indique le montant initialement prévu au marché.</div> <div>En fonction du type de marché, est indiqué le montant de la première année (marchés reconductibles), le montant maximum (marchés à bons de commandes) ou le cumul de toutes les tranches (marchés à tranches conditionnelles).</div> <div>Il s'agit donc d'une autorisation de dépense, et non d'une dépense effectivement mandatée.</div>;Administration, Gouvernement, Finances publiques, Citoyenneté;finance, budget, marché;Licence Ouverte (Etalab);https://www.etalab.gouv.fr/wp-content/uploads/2014/05/Licence_Ouverte.pdf;fr;;2016-03-31 08:29:49+00:00;;;2017-12-30 15:30:44+00:00;2017-12-30 15:30:45+00:00;;;;Ville de Saint-Malo;;120;;;;;;;FALSE;;;;;;;;;;;;;;;;;;;;;;;;;;;;;;;;;;;;;79
parking-relais-paul-feval-navettes-de-bus-2016;Parking relais Paul Féval - Navettes de bus 2016;"<p>Le parking-relais Paul Féval se situe à l’entrée de la ville de Saint-Malo, près de l’hippodrome de Marville.</p><p>Il est ouvert :</p><ul> 
<li>Durant tout l’été</li><li>Lors des grands événements (Étonnants Voyageurs, Quai des Bulles, Route du Rhum…)</li></ul><p>Il est associé à un service de bus gratuits, qui font la navette entre le parking et la ville intra-muros.</p>";Transports, Déplacements;bus, transport;Licence Ouverte (Etalab);https://www.etalab.gouv.fr/wp-content/uploads/2014/05/Licence_Ouverte.pdf;fr;;2016-04-06 10:00:54+00:00;;;2017-12-30 15:30:56+00:00;2017-12-30 15:30:57+00:00;;;;Ville de Saint-Malo;;88;;;;;;;FALSE;;;;;;;;;;;;;;;;;;;;;;;;;;;;;;;;;;;;;93
zones-de-police-et-de-gendarmerie;Zones de police et de gendarmerie;<p>Zones de répartition de compétences entre la Gendarmerie Nationale et la Police Nationale, sur le territoire de Saint-Malo Agglomération.</p>;Justice, Sécurité, Police, Crime;police, gendarmerie;Licence Ouverte (Etalab);https://www.etalab.gouv.fr/wp-content/uploads/2014/05/Licence_Ouverte.pdf;fr;;2016-04-06 13:43:01+00:00;;;2017-12-30 15:27:49+00:00;2017-12-30 15:27:50+00:00;;;;SAINT-MALO AGGLOMERATION;https://www.data.gouv.fr/fr/datasets/competence-territoriale-gendarmerie-et-police-nationales/;3;Ministère de l'Intérieur;;;;;;FALSE;;;;;;;;;;;;;;;;;;;;;;;;;;;;;;;;;;;;;264
liste-des-marches-publics-conclus-en-2013;Liste des marchés publics conclus en 2013;<p>Liste des marchés publics conclus (notifiés) en 2013 par Saint-Malo Agglomération.</p>;Administration, Gouvernement, Finances publiques, Citoyenneté;marché, finance, budget, travaux, services, fournitures;Licence Ouverte (Etalab);https://www.etalab.gouv.fr/wp-content/uploads/2014/05/Licence_Ouverte.pdf;fr;;2016-05-03 08:50:03+00:00;;;2017-12-30 15:30:38+00:00;2017-12-30 15:30:39+00:00;;;;SAINT-MALO AGGLOMERATION;;50;Direction des Finances - Saint-Malo Agglomération;;;;;;FALSE;;;;;;;;;;;;;;;;;;;;;;;;;;;;;;;;;;;;;14
liste-des-marches-publics-conclus-en-20140;Liste des marchés publics conclus en 2014;<p>Liste des marchés publics conclus (notifiés) en 2014 par Saint-Malo Agglomération.</p>;Administration, Gouvernement, Finances publiques, Citoyenneté;marché, finance, budget, travaux, services, fournitures;Licence Ouverte (Etalab);https://www.etalab.gouv.fr/wp-content/uploads/2014/05/Licence_Ouverte.pdf;fr;;2016-05-03 13:03:16+00:00;;;2017-12-30 15:27:09+00:00;2017-12-30 15:27:10+00:00;;;;SAINT-MALO AGGLOMERATION;;36;Direction des Finances - Saint-Malo Agglomération;;;;;;FALSE;;;;;;;;;;;;;;;;;;;;;;;;;;;;;;;;;;;;;11
liste-des-marches-publics-conclus-en-20150;Liste des marchés publics conclus en 2015;<p>Liste des marchés publics conclus (notifiés) en 2015 par Saint-Malo Agglomération.</p>;Administration, Gouvernement, Finances publiques, Citoyenneté;marché, finance, budget, travaux, services, fournitures;Licence Ouverte (Etalab);https://www.etalab.gouv.fr/wp-content/uploads/2014/05/Licence_Ouverte.pdf;fr;;2016-05-03 13:23:01+00:00;;;2017-12-30 15:26:30+00:00;2017-12-30 15:26:31+00:00;;;;SAINT-MALO AGGLOMERATION;;51;Direction des Finances - Saint-Malo Agglomérations;;;;;;FALSE;;;;;;;;;;;;;;;;;;;;;;;;;;;;;;;;;;;;;38
traces-des-balades-chlorophylle;Tracés des balades Chlorophylle;"<p>Chaque année, le premier dimanche de juin, la Ville de Saint-Malo organise une balade ouverte à tous qui permet de découvrir la nature en ville et les espaces verts de la commune.
Vous retrouverez ici les tracés des ""balades Chlorophylle"" de 2011 à 2016.</p><p><img src=""http://www.ville-saint-malo.fr/uploads/tx_artificaagenda/b_balade_chlo_01.jpg""/></p><p><img src=""http://www.ville-saint-malo.fr/uploads/RTEmagicC_bandeau_chloro.jpg.jpg""/></p>";Environnement;environnement, nature, espacesverts, randonnee, sentier, balade;Licence Ouverte (Etalab);https://www.etalab.gouv.fr/wp-content/uploads/2014/05/Licence_Ouverte.pdf;;;2016-05-26 07:35:12+00:00;;;2017-12-30 15:28:57+00:00;2017-12-30 15:28:58+00:00;;;;Ville de Saint-Malo;https://www.data.gouv.fr/fr/datasets/traces-des-balades-chlorophylle/;12;Source : Service des Espaces Verts de la Ville de Saint-Malo;;;;;;FALSE;;;;;;;;;;;;;;;;;;;;;;;;;;;;;;;;;;;;;62
points-dapport-volontaire-textile;Points d'Apport Volontaire Textile;"<p>Localisation géographique des points d'apport volontaire pour les textiles (conteneurs gérés par l'entreprise d'insertion<a href=""http://www.lerelais.org/oudonner.php"" target=""_blank""> Le Relais</a>).</p><p style=""text-align: center;""><img src=""http://data.stmalo-agglomeration.fr/assets/theme_image/relais-conteneur.jpg"" style=""width: 137px;""/></p>";Economie, Business, PME, Développement économique, Emploi;textile, conteneurs, recyclage, collecte;Licence Ouverte (Etalab);https://www.etalab.gouv.fr/wp-content/uploads/2014/05/Licence_Ouverte.pdf;;;2016-05-30 08:53:36+00:00;;;2017-12-30 15:27:25+00:00;2017-12-30 15:27:26+00:00;;;;Ville de Saint-Malo;https://www.data.gouv.fr/fr/datasets/points-dapport-volontaire-textile/;8;Source : Le Relais;;;;;;FALSE;;;;;;;;;;;;;;;;;;;;;;;;;;;;;;;;;;;;;12
vote-et-execution-des-budgets;Vote et exécution des budgets;"<p>Les fichiers présentent les budgets de la Ville de Saint-Malo, avec les montants et les dépenses répartis selon les articles de la nomenclature M14.</p><p>Pour chaque année, deux colonnes d'informations financières sont présentées (en euros) :</p><ul>
<li>Voté : cela correspond aux sommes votées lors du Budget Primitif</li><li>Mandaté : cela correspond aux sommes définitives arrêtées au Compte Administratif</li></ul>";Administration, Gouvernement, Finances publiques, Citoyenneté;finance, budget, fonctionnement, depenses, recettes, investissement;Licence Ouverte (Etalab);https://www.etalab.gouv.fr/wp-content/uploads/2014/05/Licence_Ouverte.pdf;;;2016-06-01 09:43:55+00:00;;;2017-12-30 15:27:22+00:00;2017-12-30 15:27:23+00:00;;;;Ville de Saint-Malo;https://www.data.gouv.fr/fr/datasets/vote-et-execution-des-budgets/;2001;Source : Direction des Finances et des Marchés / Service Informatique - Ville de Saint-Malo;;;;;;FALSE;;;;;;;;;;;;;;;;;;;;;;;;;;;;;;;;;;;;;46
nuitees-dans-les-campings-municipaux;Nuitées dans les campings municipaux;"<p>Nuitées et chiffre d'affaires annuels des campings municipaux malouins.</p><ul>
<li>La Cité d'Alet : 300 emplacements</li><li>Les Ilots : initialement réservé aux caravanes et camping-cars, devenu exclusivement aire de camping-cars en octobre 2012</li><li>Les Nielles : la capacité d'accueil a été réduite en 2013, puis le camping a été fermé en 2015</li><li>Le Nicet : le camping a fermé fin 2012</li></ul>";Economie, Business, PME, Développement économique, Emploi;nuitée, tourisme, camping, camping-car;Licence Ouverte (Etalab);https://www.etalab.gouv.fr/wp-content/uploads/2014/05/Licence_Ouverte.pdf;;;2016-06-29 09:06:13+00:00;;;2017-12-30 15:28:42+00:00;2017-12-30 15:28:43+00:00;;;;Ville de Saint-Malo;https://www.data.gouv.fr/fr/datasets/nuitees-dans-les-campings-municipaux/;16;;;;;;;FALSE;;;;;;;;;;;;;;;;;;;;;;;;;;;;;;;;;;;;;22
reglementation-des-plages;Réglementation des plages;<p>Plage par plage, ce jeu de données dresse la liste des autorisations et interdictions qui s'appliquent à toutes les activités de baignade et de nautisme à Saint-Malo.</p>;Administration, Gouvernement, Finances publiques, Citoyenneté;plage, sport, police, littoral, surveillance, baignade, nautisme;Licence Ouverte (Etalab);https://www.etalab.gouv.fr/wp-content/uploads/2014/05/Licence_Ouverte.pdf;fr;;2016-08-09 14:14:16+00:00;;;2017-12-30 15:28:33+00:00;2017-12-30 15:28:34+00:00;;;;Ville de Saint-Malo;;20;Direction des Sports - Ville de Saint-Malo;;;;;;FALSE;;;;;;;;;;;;;;;;;;;;;;;;;;;;;;;;;;;;;45
effectifs-scolaires;Effectifs scolaires;<p>Tableau des effectifs scolaires par école et par niveau pour les écoles maternelles et primaires de la commune de Saint-Malo.</p><p>De la très petite section de maternelle (TPS) au CM2 élémentaire.</p><p>La colonne Autres désigne les classes spécifiques comme CLIS ou Passerelle.</p>;Education, Formation, Recherche, Enseignement;effectifs, maternelle, ecole, primaire, classe, scolaire, education;Licence Ouverte (Etalab);https://www.etalab.gouv.fr/wp-content/uploads/2014/05/Licence_Ouverte.pdf;;;2016-08-24 14:34:46+00:00;;;2017-12-30 15:30:29+00:00;2017-12-30 15:30:30+00:00;;;;Ville de Saint-Malo;https://www.data.gouv.fr/fr/datasets/effectifs-scolaires/;146;Source : Education Nationale / Direction de l'Education - Ville de Saint-Malo;;;;;;FALSE;;;;;;;;;;;;;;;;;;;;;;;;;;;;;;;;;;;;;245
hebergements-touristiques;Hébergements touristiques;"<p>Statistiques sur les capacités d'hébergement touristique des 18 communes de l'agglomération :</p><ul><li>Hôtels : nombre d'hôtels et nombre de chambres, par catégorie</li><li>Campings : nombre de campings et nombre d'emplacements, par catégorie</li></ul><p>Le nouveau classement touristique résulte de la loi n° 2009-888 du 22 juillet 2009 de développement et de modernisation des services touristiques, qui fixe une nouvelle norme et la procédure de classement des établissements touristiques. Il est valable 5 ans et comporte 5 catégories allant de 1 à 5 étoiles  (plus la distinction ""palace"" pour certains hôtels 5 étoiles).
Selon les dispositions prévues par la loi, l'ancien classement hôtelier (de 0 à 4 étoiles et 4 étoiles luxe) est caduc depuis le 23 juillet 2012.</p><p>Ce nouveau classement est géré par Atout France, groupement d'intérêt économique représentant les principales chaînes hôtelières et parcs d'attraction, qui se substitue à l’État.</p>";Economie, Business, PME, Développement économique, Emploi;camping, chambres, hotel, lits, hebergement, vacances, tourisme;Licence Ouverte (Etalab);https://www.etalab.gouv.fr/wp-content/uploads/2014/05/Licence_Ouverte.pdf;;;2016-08-29 13:10:07+00:00;;;2017-12-30 15:28:28+00:00;2017-12-30 15:28:29+00:00;;;;SAINT-MALO AGGLOMERATION;https://www.data.gouv.fr/fr/datasets/hebergements-touristiques-1/;126;Source : INSEE, avec Direction Générale des Entreprises (ex-DGCIS) et CRT Bretagne;;;;;;FALSE;;;;;;;;;;;;;;;;;;;;;;;;;;;;;;;;;;;;;21
statistiques-logements;Statistiques logements;"<p>Chiffres de l'INSEE concernant la commune de Saint-Malo.</p><p>De 1968 à 1999, comptages dans le cadre des recensements ""quinquennaux"". A partir de 2006, méthode de recensement annuel en continu.</p><p>Le nombre de logements est détaillé par type :</p><ul><li>Résidences principales</li><li>Résidences secondaires (logements utilisés pour les week-ends, loisirs ou vacances. Les locations meublées pour des séjours touristiques sont également classés en résidences secondaires)</li><li>Logements vacants (logements proposés à la vente ou à la location, en attente de règlement de succession, logements de fonction inoccupés)</li></ul>";Aménagement du territoire, Urbanisme, Bâtiments, Equipements, Logement;résidence, logement;Licence Ouverte (Etalab);https://www.etalab.gouv.fr/wp-content/uploads/2014/05/Licence_Ouverte.pdf;;;2016-08-30 07:03:51+00:00;;;2017-12-30 15:29:51+00:00;2017-12-30 15:29:52+00:00;;;;Ville de Saint-Malo;https://www.data.gouv.fr/fr/datasets/statistiques-logements/;13;INSEE;;;;;;FALSE;;;;;;;;;;;;;;;;;;;;;;;;;;;;;;;;;;;;;25
voies-cyclables;Voies cyclables;<p>Dans le cadre de son Plan Vélo, la commune de Saint-Malo augmente chaque année le linéaire de voies cyclables.</p>;Transports, Déplacements;cyclable, vélo, voie, voirie;Open Database License (ODbL);http://opendatacommons.org/licenses/odbl/;fr;;2016-09-15 14:22:53+00:00;;;2017-12-30 15:28:40+00:00;2017-12-30 15:28:41+00:00;;;;Ville de Saint-Malo;Plan Vélo 2015;99;Direction de l'Espace Public - Mairie de Saint-Malo;;;;;;FALSE;;;;;;;;;;;;;;;;;;;;;;;;;;;;;;;;;;;;;33
decheteries-communautaires;Déchèteries communautaires;<p>Localisation des déchèteries gérées par Saint-Malo Agglomération sur son territoire.</p>;Environnement;déchets, déchèterie, recyclage, tri;Licence Ouverte (Etalab);https://www.etalab.gouv.fr/wp-content/uploads/2014/05/Licence_Ouverte.pdf;fr;;2016-09-15 15:43:57+00:00;;;2017-12-30 15:27:34+00:00;2017-12-30 15:27:35+00:00;;;;SAINT-MALO AGGLOMERATION;;5;;;;;;;FALSE;;;;;;;;;;;;;;;;;;;;;;;;;;;;;;;;;;;;;17
chemin-de-randonnee-tour-de-quelmer;Chemin de randonnée : Tour de Quelmer;<p>Circuit de randonnée pédestre élaboré par le Comité Ille-et-Vilaine de la FFRandonnée, en collaboration avec la Ville de Saint-Malo et le Département de l'Ille-et-Vilaine, notamment pour la continuité de la SPPL (Servitude de Passage des Piétons le long du Littoral).</p><p>Une petite partie du tracé emprunte le territoire de la commune de Saint-Jouan-des-Guérets.</p>;Sport, Loisirs;randonnée, circuit, tourisme, littoral, sppl, sentier, balade;Open Database License (ODbL);http://opendatacommons.org/licenses/odbl/;fr;;2016-09-15 15:52:52+00:00;;;2017-12-30 15:27:29+00:00;2017-12-30 15:27:30+00:00;;;;Ville de Saint-Malo;;1;Ville de Saint-Malo & Comité FFRandonnée Ille-et-Vilaine;;;;;;FALSE;;;;;;;;;;;;;;;;;;;;;;;;;;;;;;;;;;;;;23
resultats-danalyse-des-eaux-de-baignade;Résultats d'analyse des eaux de baignade;<p>Série chronologique des résultats d'analyses d'eaux de baignade effectuées par l'Agence Régionale de Santé (ARS Bretagne) sur les 13 plages de Saint-Malo, depuis 2010.</p>;Santé, Environnement;plage, environnement, eau, baignade;Licence Ouverte (Etalab);https://www.etalab.gouv.fr/wp-content/uploads/2014/05/Licence_Ouverte.pdf;fr;;2016-10-05 09:24:54+00:00;;;2017-12-30 15:26:34+00:00;2017-12-30 15:26:35+00:00;;;;Ville de Saint-Malo;https://www.data.gouv.fr/fr/datasets/resultats-d-analyse-des-eaux-de-baignade/;1101;ARS Bretagne & Ville de Saint-Malo;;;;;;FALSE;;;;;;;;;;;;;;;;;;;;;;;;;;;;;;;;;;;;;9
boites-aux-lettres-de-rue;Boites aux lettres de rue;"<p>Localisation des boîtes aux lettres de rue présentes sur le territoire de la communauté d'agglomération de Saint-Malo.</p><p>Ce jeu de données est une extraction à l'échelle des 18 communes de l'agglomération du <a href=""https://www.data.gouv.fr/fr/datasets/liste-des-boites-aux-lettres-de-rue-france-metropolitaine-et-dom-1/"" target=""_blank"">jeu complet produit par la Poste</a>.</p>";Aménagement du territoire, Urbanisme, Bâtiments, Equipements, Logement;courrier, poste, boites-aux-lettres;odc-odbl;http://opendatacommons.org/licenses/odbl/;;;2016-10-28 15:09:01+00:00;;;2017-12-30 15:28:36+00:00;2017-12-30 15:28:37+00:00;;;;SAINT-MALO AGGLOMERATION;https://www.data.gouv.fr/fr/datasets/boites-aux-lettres-de-rue/;130;La Poste & Saint-Malo Agglomération;;;;;;FALSE;;;;;;;;;;;;;;;;;;;;;;;;;;;;;;;;;;;;;304
taux-de-couverture-en-telephonie-mobile-4g;Taux de couverture en téléphonie mobile 4G;<p>Ce jeu de données est tiré des enquêtes menées par l'ARCEP (Autorité de Régulation des Communications Electroniques et des Postes) sur les opérateurs de réseaux de téléphonie mobile en France.</p><p>Il détaille les taux de couverture surfacique par commune, à l'extérieur des bâtiments, selon la déclaration des opérateurs.</p>;Aménagement du territoire, Urbanisme, Bâtiments, Equipements, Logement;téléphone, mobile, 4G, couverture;Licence Ouverte (Etalab);https://www.etalab.gouv.fr/wp-content/uploads/2014/05/Licence_Ouverte.pdf;fr;;2016-12-09 08:19:55+00:00;;;2017-12-30 15:27:47+00:00;2017-12-30 15:27:48+00:00;;;;SAINT-MALO AGGLOMERATION;http://www.arcep.fr/?id=12823;54;ARCEP;;;;;;FALSE;;;;;;;;;;;;;;;;;;;;;;;;;;;;;;;;;;;;;8
antennes-de-telephonie-mobile;Antennes de téléphonie mobile;;Aménagement du territoire, Urbanisme, Bâtiments, Equipements, Logement;;Open Database License (ODbL);http://opendatacommons.org/licenses/odbl/;fr;;2017-01-09 13:08:59+00:00;;;2017-12-30 15:30:12+00:00;2017-12-30 15:30:13+00:00;;;;SAINT-MALO AGGLOMERATION;http://www.anfr.fr/gestion-des-frequences-sites/lobservatoire-en-carte2/;258;ANFR & Saint-Malo Agglomération;;;;;;FALSE;;;;;;;;;;;;;;;;;;;;;;;;;;;;;;;;;;;;;18
bureaux-de-poste-agences-postales-et-relais-poste;Bureaux de poste, agences postales et relais poste;"<p>Extraction à l'échelle de Saint-Malo Agglomération du jeu de données national ""Liste des bureaux de poste, agences postales et relais poste"" de la Poste.</p>";Services, Social;poste, courrier, services;Open Database License (ODbL);http://opendatacommons.org/licenses/odbl/;fr;;2017-01-09 16:20:48+00:00;;;2017-12-30 15:28:01+00:00;2017-12-30 15:28:02+00:00;;;;SAINT-MALO AGGLOMERATION;https://datanova.legroupe.laposte.fr/explore/dataset/laposte_poincont2;17;La Poste, Saint-Malo Agglomération;;;;;;FALSE;;;;;;;;;;;;;;;;;;;;;;;;;;;;;;;;;;;;;11
frequentation-du-site-saint-malofr;Fréquentation du site saint-malo.fr;"<p>Statistiques quotidiennes du site web de la commune, disponible à l'adresse <a href=""http://www.saint-malo.fr"" target=""_blank"">http://www.saint-malo.fr</a> :</p><p>Les données disponibles sont :</p><ul><li>nombre de visites totales</li><li>nombre de visiteurs uniques</li><li>nombre de pages vues</li></ul>";Administration, Gouvernement, Finances publiques, Citoyenneté;visite, web, internet;Licence Ouverte (Etalab);https://www.etalab.gouv.fr/wp-content/uploads/2014/05/Licence_Ouverte.pdf;;;2017-01-23 07:49:03+00:00;;;2017-12-30 15:30:07+00:00;2017-12-30 15:30:08+00:00;;;;Ville de Saint-Malo;https://www.data.gouv.fr/fr/datasets/frequentation-du-site-saint-malo-fr/;1828;;;;;;;FALSE;;;;;;;;;;;;;;;;;;;;;;;;;;;;;;;;;;;;;85
perimetre-des-sage-sur-le-territoire-de-saint-malo-agglomeration;Périmètre des SAGE sur le territoire de Saint-Malo Agglomération;<p>Le territoire de Saint-Malo Agglomération est à cheval sur deux bassins versants et donc deux Schémas d'Aménagement et de Gestion des Eaux (SAGE).</p><p>Un SAGE est un document de planification élaboré de manière collective, pour un périmètre hydrographique cohérent. Il fixe des objectifs généraux d’utilisation, de mise en valeur, de protection quantitative et qualitative de la ressource en eau.</p>;Environnement;eau, sage, gemapi, bassin;Licence Ouverte (Etalab);https://www.etalab.gouv.fr/wp-content/uploads/2014/05/Licence_Ouverte.pdf;fr;;2017-03-24 12:25:57+00:00;;;2017-12-30 15:27:54+00:00;2017-12-30 15:27:55+00:00;;;;SAINT-MALO AGGLOMERATION;;2;;;;;;;FALSE;;;;;;;;;;;;;;;;;;;;;;;;;;;;;;;;;;;;;14
tri-saint-malo-baie-du-mont-saint-michel;TRI Saint-Malo Baie du Mont Saint-Michel;"<p>Dans le  cadre  de  la mise  en œuvre de la directive européenne du 23 octobre 2007  relative  à l’évaluation et à la gestion des risques d’inondation (dite « Directive inondations »), 22 Territoires à Risque Important (TRI) d'inondation ont été identifiés sur le bassin Loire-­Bretagne.</p>
 <div>Au vu des enjeux potentiellement touchés par une submersion marine à Saint-­Malo et en Baie du Mont Saint-­Michel, le secteur littoral s’étendant de Saint-­Malo à l’Ouest jusqu'au Mont Saint-­Michel à l’Est constitue l'un de ces 22 TRI. Il a été nommé TRI ""<em>Saint-­Malo – Baie du Mont Saint""­Michel</em>"".</div>
 <div>3 scénarios de submersion ont été simulés, permettant de calculer un nombre d'habitants en zone inondable :</div>
 
<ul>
<li>un événement fréquent</li><li>un événement d’occurrence moyenne (période de retour de l’ordre de 100 ans), en intégrant dès à présent deux scénarios d’élévation du niveau marin liés au changement climatique</li><li>un événement extrême d’occurrence rare</li></ul>";Environnement;risques, inondation, submersion, bassin, directive;Licence Ouverte (Etalab);https://www.etalab.gouv.fr/wp-content/uploads/2014/05/Licence_Ouverte.pdf;fr;;2017-03-24 15:12:41+00:00;;;2017-12-30 15:28:11+00:00;2017-12-30 15:28:12+00:00;;;;SAINT-MALO AGGLOMERATION;http://www.donnees.centre.developpement-durable.gouv.fr/risques/directive_inondation/5_Cartes_%20St_Malo_Baie_du_Mont_St_Michel.pdf;26;;;;;;;FALSE;;;;;;;;;;;;;;;;;;;;;;;;;;;;;;;;;;;;;35
origine-geographique-des-visiteurs-du-site-saint-malofr;Origine géographique des visiteurs du site saint-malo.fr;<p>Ce jeu de données donne la répartition des visiteurs sur le site saint-malo.fr, en fonction de leur origine géographique :</p><ul><li>nombre de visites totales</li><li>pourcentage des visites par rapport aux visites totales</li><li>nombre de pages par visite</li><li>durée moyenne (en secondes)</li></ul>;Administration, Gouvernement, Finances publiques, Citoyenneté;visite, web, internet;Licence Ouverte (Etalab);https://www.etalab.gouv.fr/wp-content/uploads/2014/05/Licence_Ouverte.pdf;;;2017-04-20 15:07:50+00:00;;;2017-12-30 15:26:43+00:00;2017-12-30 15:26:44+00:00;;;;Ville de Saint-Malo;https://www.data.gouv.fr/fr/datasets/origine-geographique-des-visiteurs-du-site-saint-malo-fr/;896;;;;;;;FALSE;;;;;;;;;;;;;;;;;;;;;;;;;;;;;;;;;;;;;11
monuments-historiques-classes-a-saint-malo;Monuments historiques classés à Saint-Malo;<p>En 2014, 14 immeubles malouins, y compris en mer, sont protégés au titre des Monuments Historiques par un arrêté de classement.</p>;Culture, Patrimoine;patrimoine, classement, immeuble, monument;Licence Ouverte (Etalab);https://www.etalab.gouv.fr/wp-content/uploads/2014/05/Licence_Ouverte.pdf;fr;;2017-04-24 10:38:50+00:00;;;2017-12-30 15:30:09+00:00;2017-12-30 15:30:10+00:00;;;;Ville de Saint-Malo;https://www.data.gouv.fr/fr/datasets/monuments-historiques-classes-a-saint-malo/;14;;;;;;;FALSE;;;;;;;;;;;;;;;;;;;;;;;;;;;;;;;;;;;;;890
emplacement-des-bureaux-de-vote-saint-malo;Emplacement des bureaux de vote (Saint-Malo);<p>Emplacement des 42 bureaux de vote de la commune, répartis sur 20 lieux de vote.</p>;Administration, Gouvernement, Finances publiques, Citoyenneté;vote, bureau, élections;Licence Ouverte (Etalab);https://www.etalab.gouv.fr/wp-content/uploads/2014/05/Licence_Ouverte.pdf;fr;;2017-04-24 13:11:17+00:00;;;2017-12-30 15:30:14+00:00;2017-12-30 15:30:15+00:00;;;;Ville de Saint-Malo;https://www.data.gouv.fr/fr/datasets/emplacement-des-bureaux-de-vote/;42;;;;;;;FALSE;;;;;;;;;;;;;;;;;;;;;;;;;;;;;;;;;;;;;15
perimetres-des-bureaux-de-vote;Périmètres des bureaux de vote;"<p>Périmètres (zonages de rattachement) des bureaux de vote de Saint-Malo.</p><p>Le redécoupage des cantons issu du <a href=""http://www.legifrance.gouv.fr/affichTexte.do?cidTexte=JORFTEXT000028637230"" target=""_blank"">décret du 18 février 2014</a> a nécessité de réorganiser les bureaux de vote sur la commune de Saint-Malo, qui sont désormais au nombre de 42, rattachés à 20 périmètres.</p><p>Pour la localisation géographique des bureaux, veuillez consulter cet autre jeu de données : <a href=""http://data.stmalo-agglomeration.fr/explore/dataset/emplacement-des-bureaux-de-vote-saint-malo/"">Emplacement des bureaux de vote</a></p>";Administration, Gouvernement, Finances publiques, Citoyenneté;vote, bureau, elections, electeur;Licence Ouverte (Etalab);https://www.etalab.gouv.fr/wp-content/uploads/2014/05/Licence_Ouverte.pdf;;;2017-04-24 13:21:32+00:00;;;2017-12-30 15:28:04+00:00;2017-12-30 15:28:05+00:00;;;;Ville de Saint-Malo;https://www.data.gouv.fr/fr/datasets/perimetres-des-bureaux-de-vote/;20;Source : Direction de l'Environnement et de l'Espace Public - Ville de Saint-Malo;;;;;;FALSE;;;;;;;;;;;;;;;;;;;;;;;;;;;;;;;;;;;;;25
statistiques-de-la-mediatheque;Médiathèque de Saint-Malo : statistiques;<p>La médiathèque de Saint-Malo, intégrée au Pole Culturel La Grande Passerelle, est ouverte depuis décembre 2014.</p><p>Ce jeu de données recense quelques statistiques annuelles sur les ouvrages disponibles, les abonnés et la fréquentation de l'équipement.</p><p>Le nombre de documents est une extraction des notices d'exemplaires alors que le nombre d'acquisitions est une extraction des notices bibliographiques intégrées dès l'achat.</p>;Education, Formation, Recherche, Enseignement;médiathèque, bibliothèque, livre, cd, dvd;Licence Ouverte (Etalab);https://www.etalab.gouv.fr/wp-content/uploads/2014/05/Licence_Ouverte.pdf;fr;;2017-05-05 11:46:06+00:00;;;2017-12-30 15:27:27+00:00;2017-12-30 15:27:28+00:00;;;;Ville de Saint-Malo;;2;Direction de la Culture - Mairie de Saint-Malo;;;;;;FALSE;;;;;;;;;;;;;;;;;;;;;;;;;;;;;;;;;;;;;51
mediatheque-de-saint-malo-les-bd-les-plus-empruntes;Médiathèque de Saint-Malo : les BD les plus empruntés;"<p>Par an ou par trimestre, ""top 10"" des <strong>séries* </strong>de bandes dessinées les plus empruntées à la médiathèque de la Grande Passerelle.</p><p>* : tous tomes confondus</p>";Education, Formation, Recherche, Enseignement;médiathèque, bibliothèque, lecture, bd, ouvrage;Licence Ouverte (Etalab);https://www.etalab.gouv.fr/wp-content/uploads/2014/05/Licence_Ouverte.pdf;fr;;2017-05-05 11:57:25+00:00;;;2017-12-30 15:28:45+00:00;2017-12-30 15:28:46+00:00;;;;Ville de Saint-Malo;;30;Direction de la Culture - Mairie de Saint-Malo;;;;;;FALSE;;;;;;;;;;;;;;;;;;;;;;;;;;;;;;;;;;;;;26
mediatheque-de-saint-malo-les-auteurs-les-plus-empruntes;Médiathèque de Saint-Malo : les auteurs les plus empruntés;"<p>Par an ou par semestre, ""top 10"" des auteurs dont les ouvrages sont les plus empruntés à la médiathèque de la Grande Passerelle.</p>";Education, Formation, Recherche, Enseignement;bibliothèque, médiathèque, livre;Licence Ouverte (Etalab);https://www.etalab.gouv.fr/wp-content/uploads/2014/05/Licence_Ouverte.pdf;fr;;2017-05-05 13:06:46+00:00;;;2017-12-30 15:30:53+00:00;2017-12-30 15:30:54+00:00;;;;Ville de Saint-Malo;;30;Direction de la Culture - Mairie de Saint-Malo;;;;;;FALSE;;;;;;;;;;;;;;;;;;;;;;;;;;;;;;;;;;;;;44
mediatheque-de-saint-malo-les-documents-les-plus-empruntes;Médiathèque de Saint-Malo : les documents les plus empruntés;"<p>Par an ou par trimestre, ""top 10"" des documents les plus empruntés à la médiathèque de la Grande Passerelle.</p>";Education, Formation, Recherche, Enseignement;bibliothèque, médiathèque, livre, document, lecture;Licence Ouverte (Etalab);https://www.etalab.gouv.fr/wp-content/uploads/2014/05/Licence_Ouverte.pdf;fr;;2017-05-05 13:21:55+00:00;;;2017-12-30 15:28:38+00:00;2017-12-30 15:28:39+00:00;;;;Ville de Saint-Malo;;30;Direction de la Culture - Mairie de Saint-Malo;;;;;;FALSE;;;;;;;;;;;;;;;;;;;;;;;;;;;;;;;;;;;;;18
resultats-des-elections-presidentielles-2017;Résultats des élections présidentielles 2017;<p>Résultats du scrutin des élections présidentielles des 23 avril et 7 mai 2017 dans les 18 communes de Saint-Malo Agglomération.</p><p>Les résultats de la ville de Saint-Malo sont détaillés par bureau de vote.</p> <div>Il peut y avoir ponctuellement quelques légères différences avec les résultats globaux officiellement publiés sur le site du Ministère de l'Intérieur. </div>;Administration, Gouvernement, Finances publiques, Citoyenneté;vote, élections, resultats, scrutin, bureau;Licence Ouverte (Etalab);https://www.etalab.gouv.fr/wp-content/uploads/2014/05/Licence_Ouverte.pdf;fr;;2017-05-09 11:14:45+00:00;;;2017-12-30 15:28:18+00:00;2017-12-30 15:28:19+00:00;;;;SAINT-MALO AGGLOMERATION;;120;;;;;;;FALSE;;;;;;;;;;;;;;;;;;;;;;;;;;;;;;;;;;;;;14
cantons-de-saint-malo;Cantons sur le territoire de Saint-Malo Agglomération;<p>Périmètre des cantons intégrant une ou plusieurs communes de Saint-Malo Agglomération.</p><p>Le chiffre de la population légale du canton (INSEE 2014) a été ajouté.</p>;Administration, Gouvernement, Finances publiques, Citoyenneté;élections, canton;Licence Ouverte (Etalab);https://www.etalab.gouv.fr/wp-content/uploads/2014/05/Licence_Ouverte.pdf;fr;;2017-06-15 12:54:42+00:00;;;2017-12-30 15:30:35+00:00;2017-12-30 15:30:36+00:00;;;;SAINT-MALO AGGLOMERATION;;3;;;;;;;FALSE;;;;;;;;;;;;;;;;;;;;;;;;;;;;;;;;;;;;;28
limites-administratives-des-communes-de-saint-malo-agglomeration;Limites administratives des communes de Saint-Malo Agglomération;<p>Limites administratives des 18 communes qui composent le territoire de Saint-Malo Agglomération, avec indication de leur population légale respective.</p>;Administration, Gouvernement, Finances publiques, Citoyenneté;périmètre, contour, territoire;Licence Ouverte v2.0 (Etalab);https://www.etalab.gouv.fr/wp-content/uploads/2017/04/ETALAB-Licence-Ouverte-v2.0.pdf;fr;;2017-06-15 13:27:57+00:00;;;2017-12-30 15:27:32+00:00;2017-12-30 15:27:33+00:00;;;;SAINT-MALO AGGLOMERATION;;18;;;;;;;FALSE;;;;;;;;;;;;;;;;;;;;;;;;;;;;;;;;;;;;;46
limites-administratives-de-saint-malo-agglomeration;Limites administratives de Saint-Malo Agglomération;;Administration, Gouvernement, Finances publiques, Citoyenneté;périmètre, contour, territoire;Licence Ouverte v2.0 (Etalab);https://www.etalab.gouv.fr/wp-content/uploads/2017/04/ETALAB-Licence-Ouverte-v2.0.pdf;fr;;2017-06-15 13:49:54+00:00;;;2017-12-30 15:29:02+00:00;2017-12-30 15:29:03+00:00;;;;SAINT-MALO AGGLOMERATION;;1;;;;;;;FALSE;;;;;;;;;;;;;;;;;;;;;;;;;;;;;;;;;;;;;22
resultats-des-elections-legislatives-2017;Résultats des élections législatives 2017;<p>Résultats du scrutin des élections législatives des 11 et 18 juin 2017 dans les 18 communes de Saint-Malo Agglomération.</p> <br/><div>Les résultats de la ville de Saint-Malo sont détaillés par bureau de vote.</div> <br/><div>En raison des arrondis à la deuxième décimale, la somme des pourcentages peut ne pas être égale à 100%.</div>;Administration, Gouvernement, Finances publiques, Citoyenneté;vote, élections, scrutin, bureau, resultats;Licence Ouverte v2.0 (Etalab);https://www.etalab.gouv.fr/wp-content/uploads/2017/04/ETALAB-Licence-Ouverte-v2.0.pdf;fr;;2017-06-19 07:31:18+00:00;;;2017-12-30 15:31:02+00:00;2017-12-30 15:31:03+00:00;;;;SAINT-MALO AGGLOMERATION;;120;;;;;;;FALSE;;;;;;;;;;;;;;;;;;;;;;;;;;;;;;;;;;;;;16
indice-iqa-de-la-qualite-de-lair;Indice IQA de la qualité de l'air;"<p>L'indice IQA (Indice de Qualité de l'Air) est un indice ATMO simplifié, calculé pour les agglomérations de moins de 100 000 habitants. Situé sur une échelle de 1 à 10, il peut être calculé à partir d'un, deux, trois ou quatre sous-indices (SO2, NO2, O3, PM10).</p><p>A Saint-Malo, l'indice IQA est basé sur les mesures de concentration en O3 (ozone) et NO2 (dioxyde d'azote).</p><p>Les mesures sont effectuées de manière indépendante par l'organisme <a href=""http://www.airbreizh.asso.fr/mesures-airbreizh/st-malo_courtoisville"" target=""_blank"">Air Breizh</a> dont les missions sont régies par la loi sur l'air de 1996.</p>";Environnement;ozone, environnement, sante, air, pollution;Licence Ouverte (Etalab);https://www.etalab.gouv.fr/wp-content/uploads/2014/05/Licence_Ouverte.pdf;;;2017-07-13 15:42:56+00:00;;;2017-12-30 15:27:05+00:00;2017-12-30 15:27:06+00:00;;;;Ville de Saint-Malo;https://www.data.gouv.fr/fr/datasets/indice-iqa-de-la-qualite-de-l-air/;2191;Source : Air Breizh;;;;;;FALSE;;;;;;;;;;;;;;;;;;;;;;;;;;;;;;;;;;;;;9
mesures-de-la-qualite-de-lair;Mesures de la qualité de l'air;"<p>Concentrations mesurées à la station de Courtoisville en ozone (O3) et dioxyde d'azote (NO2).</p><p>Les mesures sont effectuées par l'organisme <a href=""(http://www.airbreizh.asso.fr/mesures-airbreizh/st-malo_courtoisville"" target=""_blank"">Air Breizh</a>.</p>";Environnement;qualite, environnement, air, ozone, pollution;Licence Ouverte (Etalab);https://www.etalab.gouv.fr/wp-content/uploads/2014/05/Licence_Ouverte.pdf;;;2017-07-13 15:55:41+00:00;;;2017-12-30 15:30:00+00:00;2017-12-30 15:30:01+00:00;;;;Ville de Saint-Malo;https://www.data.gouv.fr/fr/datasets/mesures-de-la-qualite-de-l-air/;14;Air Breizh;;;;;;FALSE;;;;;;;;;;;;;;;;;;;;;;;;;;;;;;;;;;;;;8
trace-des-digues-du-marais-de-dol;Tracé des digues du Marais de Dol;<p>Saint-Malo Agglomération exerce la compétence GEMAPI (Gestion des Milieux Aquatiques et Prévention des Inondations) depuis le 1er juillet 2015.</p><p>A ce titre, elle gère deux systèmes d'endiguement :</p><ul><li>les digues de Saint-Malo</li><li>la digue de la Duchesse Anne, dans le Marais de Dol</li></ul><p>Ce jeu de données établit le tracé de la digue de la Duchesse Anne dans son intégralité, ainsi que le tracé de la digue des Polders de l'Ouest, située à cheval entre la Bretagne et la Normandie.</p>;Aménagement du territoire, Urbanisme, Bâtiments, Equipements, Logement;digue, gemapi, submersion, maree, mer, risques;Licence Ouverte (Etalab);https://www.etalab.gouv.fr/wp-content/uploads/2014/05/Licence_Ouverte.pdf;fr;;2017-08-10 13:36:12+00:00;;;2017-12-30 15:26:27+00:00;2017-12-30 15:26:28+00:00;;;;SAINT-MALO AGGLOMERATION;;5;Saint-Malo Agglomération;;;;;;FALSE;;;;;;;;;;;;;;;;;;;;;;;;;;;;;;;;;;;;;28
statistiques-annuelles-de-cremations;Statistiques annuelles de crémations;"<p>Le Crématorium de Saint-Malo a ouvert ses portes fin 2012.</p><p>Il fournit annuellement des statistiques sur les crémations dont il a la charge.</p><p style=""text-align: center;""><img alt="""" src=""/assets/theme_image/crematorium-saint-malo.jpg"" style=""width: 373px; float: left; margin: 0px 10px 10px 0px;""/></p>";Administration, Gouvernement, Finances publiques, Citoyenneté;crémation, cimetière;Licence Ouverte (Etalab);https://www.etalab.gouv.fr/wp-content/uploads/2014/05/Licence_Ouverte.pdf;;;2017-08-11 08:08:47+00:00;;;2017-12-30 15:30:32+00:00;2017-12-30 15:30:33+00:00;;;;Ville de Saint-Malo;https://www.data.gouv.fr/fr/datasets/statistiques-annuelles-de-cremations/;4;Source : SAS Gallet Crématorium, sous délégation de service public;;;;;;FALSE;;;;;;;;;;;;;;;;;;;;;;;;;;;;;;;;;;;;;4
certificats-deconomies-denergie;Certificats d'économies d'énergie;Liste des opérations standardisées sur le patrimoine de la Ville de Saint-Malo, ayant fait l'objet d'un certificat d'économie d'énergie (CEE).;Environnement, Energie;énergie;Licence Ouverte (Etalab);https://www.etalab.gouv.fr/wp-content/uploads/2014/05/Licence_Ouverte.pdf;;;2017-10-06 07:28:27+00:00;;;2017-12-30 15:29:08+00:00;2017-12-30 15:29:09+00:00;;;;Ville de Saint-Malo;https://www.data.gouv.fr/fr/datasets/certificats-deconomies-denergie/;68;;;;;;;FALSE;;;;;;;;;;;;;;;;;;;;;;;;;;;;;;;;;;;;;19
liste-des-marches-publics-conclus-en-2016-par-la-ville-de-saint-malo;Liste des marchés publics conclus en 2016 par la Ville de Saint-Malo;<p>En application de l'article 107 du décret n° 2016-360 du 25 mars 2016 relatif aux marchés publics, sont listés ici les données essentielles des marchés publics passés par la Ville de Saint-Malo en 2016.</p> <br/><div>La colonne Montant HT indique le montant initialement prévu au marché.</div> <div>En fonction du type de marché, est indiqué le montant de la première année (marchés reconductibles), le montant maximum (marchés à bons de commandes) ou le cumul de toutes les tranches (marchés à tranches conditionnelles).</div> <div>Il s'agit donc d'une autorisation de dépense, et non d'une dépense effectivement mandatée.</div>;Administration, Gouvernement, Finances publiques, Citoyenneté;finance, marché, budget, entreprise;Licence Ouverte v2.0 (Etalab);https://www.etalab.gouv.fr/wp-content/uploads/2017/04/ETALAB-Licence-Ouverte-v2.0.pdf;fr;;2018-01-12 15:21:08+00:00;;;2018-01-12 15:58:42+00:00;2018-01-12 15:58:43+00:00;;;;Ville de Saint-Malo;;252;Direction des Finances et des Marchés, Ville de Saint-Malo;;;;;;FALSE;;;;;;;;;;;;;;;;;;;;;;;;;;;;;;;;;;;;;18
liste-des-marches-publics-conclus-en-2017-par-la-ville-de-saint-malo;Liste des marchés publics conclus en 2017 par la Ville de Saint-Malo;"<p>Conformément à l'<a href=""https://www.legifrance.gouv.fr/eli/arrete/2017/4/14/ECFM1637256A/jo/texte"" target=""_blank"">arrêté du 14 avril 2017</a> relatif aux données essentielles dans la commande publique, sont listées ici les données essentielles des marchés publics passés par la Ville de Saint-Malo en 2017.</p> <div>La colonne Montant HT indique le montant initialement prévu au marché.</div>
 <div>En fonction du type de marché, est indiqué le montant de la première année (marchés reconductibles), le montant maximum (marchés à bons de commandes) ou le cumul de toutes les tranches (marchés à tranches conditionnelles).</div>
 <div>Il s'agit donc d'une autorisation de dépense, et non d'une dépense effectivement mandatée.</div>";Administration, Gouvernement, Finances publiques, Citoyenneté;finance, marché, budget, entreprise, contrat;Licence Ouverte v2.0 (Etalab);https://www.etalab.gouv.fr/wp-content/uploads/2017/04/ETALAB-Licence-Ouverte-v2.0.pdf;fr;;2018-04-05 08:25:48+00:00;;;2018-04-06 07:12:56+00:00;2018-04-06 07:12:57+00:00;;;;Ville de Saint-Malo;;230;Direction des Finances et des Marchés, Ville de Saint-Malo;;;;;;FALSE;;;;;;;;;;;;;;;;;;;;;;;;;;;;;;;;;;;;;30
arretes-de-catastrophe-naturelle;Arrêtés de catastrophe naturelle;"<p>Les arrêtés de reconnaissance de l'état de catastrophe naturelle permettent aux sinistrés de bénéficier de la prise en charge par leur assureur des dommages dus à un aléa naturel d'intensité anormale (pour plus de détails, voir l'<a href=""https://www.legifrance.gouv.fr/affichCode.do?idSectionTA=LEGISCTA000006157250&amp;cidTexte=LEGITEXT000006073984&amp;dateTexte=20090127"" target=""_blank"">article L125-1 du Code des Assurances</a>).</p><p>L'application <strong>GASPAR </strong>(Gestion Assistée des Procédures Administratives relatives aux Risques naturels et technologiques) de la Direction Générale de la Prévention des Risques (DGPR) toutes les procédures réalisées au titre de la prévention des risques, dont notamment les arrêtés de reconnaissance de l'état de catastrophe naturelle.</p><p>Le présent jeu de données fait l'extraction de la base GASPAR de tous les arrêtés concernant le territoire de Saint-Malo Agglomération.</p>";Administration, Gouvernement, Finances publiques, Citoyenneté;risques, catastrophe, assurances, sinistralité;Licence Ouverte (Etalab);https://www.etalab.gouv.fr/wp-content/uploads/2014/05/Licence_Ouverte.pdf;fr;;2018-12-20 09:18:08+00:00;FALSE;FALSE;2019-05-14 15:53:54+00:00;2019-05-14 15:53:55+00:00;;;;SAINT-MALO AGGLOMERATION;http://www.georisques.gouv.fr/dossiers/telechargement/gaspar;71;DGPR/Saint-Malo Agglomération;;;;;;FALSE;;;;;;;;;;;;;;;;;;;;;;;;;;;;;;;;;;;;;21
population-legale-de-saint-malo;Population légale des communes de Saint-Malo Agglomération;<p>Données statistiques de la population légale, établis par l'INSEE avec la nouvelle méthode de recensement, depuis 2006.</p>;Administration, Gouvernement, Finances publiques, Citoyenneté;demographie, recensement, population;Licence Ouverte (Etalab);https://www.etalab.gouv.fr/wp-content/uploads/2014/05/Licence_Ouverte.pdf;fr;;2019-01-07 08:24:08+00:00;FALSE;FALSE;2019-01-07 08:24:57+00:00;2019-01-07 08:24:58+00:00;;;;SAINT-MALO AGGLOMERATION;http://www.insee.fr/fr/information/2008354;198;INSEE & Saint-Malo Agglomération;;;;;;FALSE;;;;;;;;;;;;;;;;;;;;;;;;;;;;;;;;;;;;;28
population-legale-de-saint-malo-agglomeration;Population légale de Saint-Malo Agglomération;<p>Données statistiques de la population légale, établis par l'INSEE (avec la nouvelle méthode de recensement depuis 2006).</p><div>Les données proposées sont établies à périmètre géographique identique, dans la géographie communale en vigueur au 01/01/2014, c'est-à-dire incluant la commune de Saint-Jouan-des-Guérets, 18ème membre de la communauté d'agglomération depuis le 1er janvier 2009.</div>;Administration, Gouvernement, Finances publiques, Citoyenneté;demographie, recensement, population;Licence Ouverte (Etalab);https://www.etalab.gouv.fr/wp-content/uploads/2014/05/Licence_Ouverte.pdf;fr;;2019-01-07 08:46:41+00:00;FALSE;FALSE;2019-01-07 08:46:53+00:00;2019-01-07 08:46:54+00:00;;;;SAINT-MALO AGGLOMERATION;http://www.insee.fr/fr/information/2008354;13;INSEE;;;;;;FALSE;;;;;;;;;;;;;;;;;;;;;;;;;;;;;;;;;;;;;40
grandes-marees-a-saint-malo;Grandes Marées à Saint-Malo;"<p>Par convention, le coefficient 100 est attribué à la plus grande marée qui suit d’un jour et demi environ l’instant de la pleine ou de la nouvelle lune, vers les syzygies d'équinoxes (Laplace, <em>Traité de mécanique céleste,</em> tome V, 1825).</p><p>
Ce coefficient 100 correspond à une marée de vive-eau équinoxiale <strong>moyenne</strong>.</p><p>On désigne alors sous le terme de ""grandes marées"" tous les coefficients supérieurs à 100 et jusqu'à 120, le maximum théorique.</p><p>Pour chaque année, le présent jeu de données répertorie toutes les dates pour lesquelles le coefficient est supérieur à 100.</p><p>Les données complètes (coefficient, horaires, hauteurs d'eau) ne sont pas libres et sont disponibles sur le <a href=""http://maree.shom.fr/harbor/SAINT-MALO"" target=""_blank"">site du SHOM</a>.</p>";Environnement;maree, littoral, coefficient;Licence Ouverte (Etalab);https://www.etalab.gouv.fr/wp-content/uploads/2014/05/Licence_Ouverte.pdf;;;2019-01-07 09:59:36+00:00;FALSE;FALSE;2019-01-07 09:59:51+00:00;2019-01-07 09:59:52+00:00;;;;Ville de Saint-Malo;https://www.data.gouv.fr/fr/datasets/grandes-marees-a-saint-malo/;225;http://www.shom.fr/les-services-en-ligne/predictions-de-maree/presentation/;;;;;;FALSE;;;;;;;;;;;;;;;;;;;;;;;;;;;;;;;;;;;;;105
nombre-annuel-de-mariages-a-saint-malo;Nombre annuel de mariages à Saint-Malo;<p>Nombre de mariages célébrés chaque année en mairie de Saint-Malo.</p>;Administration, Gouvernement, Finances publiques, Citoyenneté;mariage, etat-civil;Licence Ouverte (Etalab);https://www.etalab.gouv.fr/wp-content/uploads/2014/05/Licence_Ouverte.pdf;;;2019-01-22 10:48:53+00:00;FALSE;FALSE;2019-01-22 10:50:21+00:00;2019-01-22 10:50:22+00:00;;;;Ville de Saint-Malo;https://www.data.gouv.fr/fr/datasets/nombre-annuel-de-mariages-a-saint-malo/;26;Source : Service Etat Civil de la Mairie de Saint-Malo;;;;;;FALSE;;;;;;;;;;;;;;;;;;;;;;;;;;;;;;;;;;;;;7
statistiques-demographiques-a-saint-malo;Statistiques démographiques à Saint-Malo;"<p>Chiffres annuels des naissances et décès sur la commune de Saint-Malo.</p><p>Les colonnes ""INSEE"" recensent les naissances et décès domiciliés à Saint-Malo et ne concernent donc que les Malouins.</p><p>Les colonnes ""Etat civil"" recensent les naissances et décès intervenus sur le territoire de la commune et concernent les Malouins ainsi que leurs voisins venus naitre ou mourir à Saint-Malo.</p>";Administration, Gouvernement, Finances publiques, Citoyenneté;recensement, demographie, etat-civil, naissances, deces, population;Licence Ouverte (Etalab);https://www.etalab.gouv.fr/wp-content/uploads/2014/05/Licence_Ouverte.pdf;;;2019-01-22 11:03:30+00:00;FALSE;FALSE;2019-01-22 11:03:59+00:00;2019-01-22 11:04:00+00:00;;;;Ville de Saint-Malo;https://www.data.gouv.fr/fr/datasets/statistiques-demographiques-a-saint-malo/;26;INSEE + Service Etat Civil de la Mairie de Saint-Malo;;;;;;FALSE;;;;;;;;;;;;;;;;;;;;;;;;;;;;;;;;;;;;;20
prenoms-donnes-aux-enfants-nes-a-saint-malo;Prénoms donnés aux enfants nés à Saint-Malo;<p>Liste exhaustive des prénoms donnés chaque année aux enfants nés à Saint-Malo, de 1994 à 2018.</p><p>Basée sur les déclarations des parents à l'état civil (parfois en retard), cette liste peut contenir un nombre total cumulé de prénoms qui ne coïncident pas avec le nombre de naissances enregistrées à l'état civil.</p>;Administration, Gouvernement, Finances publiques, Citoyenneté;naissances, etat-civil, prenoms;Licence Ouverte (Etalab);https://www.etalab.gouv.fr/wp-content/uploads/2014/05/Licence_Ouverte.pdf;fr;;2019-01-22 11:22:15+00:00;FALSE;FALSE;2019-01-22 11:23:30+00:00;2019-01-22 11:31:59+00:00;;;;Service de l'état civil, Ville de Saint-Malo;https://www.data.gouv.fr/fr/datasets/prenoms-donnes-aux-enfants-nes-a-saint-malo/;16121;Source : service de l'Etat Civil de la Mairie de Saint-Malo;;;;;;FALSE;;;;;;;;;;;;;;;;;;;;;;;;;;;;;;;;;;;;;66
production-photovoltaique-sur-les-batiments-communaux;Production photovoltaïque sur les bâtiments communaux;<p>Production annuelle en kWh des panneaux photovoltaïques installés sur les bâtiments communaux.</p><p>Note : pour les tennis de Marville, la production s'est arrêtée en 2016 et 2017, pour cause de réfection de toiture.</p>;Aménagement du territoire, Urbanisme, Bâtiments, Equipements, Logement;renouvelable, photovoltaique, énergie, solaire, électricité, bâtiment;Licence Ouverte (Etalab);https://www.etalab.gouv.fr/wp-content/uploads/2014/05/Licence_Ouverte.pdf;fr;;2019-03-22 08:24:53+00:00;FALSE;FALSE;2019-03-22 08:25:31+00:00;2019-03-22 08:28:38+00:00;;;;Ville de Saint-Malo;https://www.data.gouv.fr/fr/datasets/production-photovoltaique-sur-les-batiments-communaux/;19;;;;;;;FALSE;;;;;;;;;;;;;;;;;;;;;;;;;;;;;;;;;;;;;9
qualite-des-eaux-de-baignade-sur-le-littoral-de-saint-malo;Qualité des eaux de baignade sur le littoral de Saint-Malo;Historique des classements d'eaux de baignade sur les 13 plages de Saint-Malo, depuis 1989.;Santé, Environnement;plage, environnement, eau, baignade, qualité;Licence Ouverte (Etalab);https://www.etalab.gouv.fr/wp-content/uploads/2014/05/Licence_Ouverte.pdf;fr;;2019-03-22 09:05:26+00:00;FALSE;FALSE;2019-03-22 09:05:48+00:00;2019-04-24 07:43:58+00:00;;;;Ville de Saint-Malo;http://baignades.sante.gouv.fr;390;Agence Régionale de Santé Bretagne;;;;;;FALSE;;;;;;;;;;;;;;;;;;;;;;;;;;;;;;;;;;;;;23
qualite-des-eaux-de-baignade-sur-les-plages-de-saint-malo-agglomeration;Qualité des eaux de baignade sur les plages de Saint-Malo Agglomération;"<p>Historique des classements d'eaux de baignade sur les plages des communes de l'agglomération, depuis 2013, date d'entrée en vigueur du nouveau classement mis en place par la directive européenne 2006/7/CE, qui remplace la précédente directive de 1976.</p><div><div>Les eaux de qualité <strong>excellente</strong>, <strong>bonne</strong> et <strong>suffisante</strong> sont conformes à la directive.</div> <div>Les eaux de qualité <strong>insuffisante</strong> peuvent rester temporairement conformes à la directive si des mesures de gestion sont prises telles que :</div><ul>
<li>l'identification des causes de cette mauvaise qualité,</li><li>des mesures pour réduire la pollution,</li><li>l'interdiction ou l'avis déconseillant la baignade.</li></ul><p>Cependant, si la qualité des eaux est de qualité insuffisante pendant 5 années à la suite, une interdiction ou à un avis déconseillant la baignade de manière permanente doit être prononcée et il est considéré que ces eaux sont définitivement non conformes.</p><p>Les prélèvements bactériologiques pluriannuels qui servent à établir le classement sont effectués par l'Agence Régionale de Santé Bretagne.</p></div>";Santé, Environnement;littoral, baignade, mer, santé, qualité;Licence Ouverte (Etalab);https://www.etalab.gouv.fr/wp-content/uploads/2014/05/Licence_Ouverte.pdf;fr;;2019-03-22 11:35:20+00:00;FALSE;FALSE;2019-03-22 11:35:48+00:00;2019-03-22 11:35:49+00:00;;;;SAINT-MALO AGGLOMERATION;http://baignades.sante.gouv.fr/;162;Saint-Malo Agglomération & ARS Bretagne;;;;;;FALSE;;;;;;;;;;;;;;;;;;;;;;;;;;;;;;;;;;;;;13
toilettes-publiques;Toilettes publiques;<p>Localisation des toilettes publiques sur le territoire de la commune de Saint-Malo.</p>;Aménagement du territoire, Urbanisme, Bâtiments, Equipements, Logement;toilettes, wc, pmr;Licence Ouverte (Etalab);https://www.etalab.gouv.fr/wp-content/uploads/2014/05/Licence_Ouverte.pdf;fr;;2019-04-02 09:35:52+00:00;FALSE;FALSE;2019-04-02 09:37:38+00:00;2019-04-02 09:37:39+00:00;;;;Ville de Saint-Malo;;36;Ville de Saint-Malo;;;;;;FALSE;;;;;;;;;;;;;;;;;;;;;;;;;;;;;;;;;;;;;43
liste-des-conseillers-communautaires-de-saint-malo-agglomeration;Liste des conseillers Communautaires de Saint-Malo Agglomération;Liste des conseillers Communautaires, avec leurs fonctions communautaires et communales, délégations et communes d'appartenance, pour la période 2014-2020.;Administration, Gouvernement, Finances publiques, Citoyenneté;conseiller, élu, agglomération, epci;Licence Ouverte (Etalab);https://www.etalab.gouv.fr/wp-content/uploads/2014/05/Licence_Ouverte.pdf;;;2019-04-24 08:58:02+00:00;FALSE;FALSE;2019-04-24 08:58:46+00:00;2019-04-24 08:58:47+00:00;;;;SAINT-MALO AGGLOMERATION;https://www.data.gouv.fr/fr/datasets/liste-des-conseillers-communautaires-de-saint-malo-agglomeration-1/;70;;;;;;;FALSE;;;;;;;;;;;;;;;;;;;;;;;;;;;;;;;;;;;;;18
trace-des-digues-de-saint-malo;Tracé des digues de Saint-Malo;<p>Saint-Malo Agglomération exerce la compétence GEMAPI (Gestion des Milieux Aquatiques et Prévention des Inondations) depuis le 1er juillet 2015.</p><p>A ce titre, elle gère deux systèmes d'endiguement :</p><ul> <li>les digues de Saint-Malo</li><li>la digue de la Duchesse Anne, dans le Marais de Dol</li></ul><p>Le présent tracé des digues de Saint-Malo est celui des ouvrages en maçonnerie, et ne comprend pas les épis et brise-lames en bois.</p>;Aménagement du territoire, Urbanisme, Bâtiments, Equipements, Logement;digue, gemapi, submersion, maree, mer;Licence Ouverte (Etalab);https://www.etalab.gouv.fr/wp-content/uploads/2014/05/Licence_Ouverte.pdf;fr;;2019-05-06 09:08:06+00:00;FALSE;FALSE;2019-05-06 09:08:35+00:00;2019-05-06 09:41:33+00:00;;;;SAINT-MALO AGGLOMERATION;;36;;;;;;;FALSE;;;;;;;;;;;;;;;;;;;;;;;;;;;;;;;;;;;;;31
liste-des-conseillers-municipaux;Liste des conseillers municipaux;Liste des 43 conseillers municipaux de Saint-Malo, pour la mandature 2014-2020;Administration, Gouvernement, Finances publiques, Citoyenneté;conseil-municipal, conseiller-municipal, elu, municipalite;Licence Ouverte (Etalab);https://www.etalab.gouv.fr/wp-content/uploads/2014/05/Licence_Ouverte.pdf;;;2019-05-07 15:54:55+00:00;FALSE;FALSE;2019-05-07 15:55:47+00:00;2019-05-07 15:55:48+00:00;;;;Ville de Saint-Malo;https://www.data.gouv.fr/fr/datasets/liste-des-conseillers-municipaux/;43;;;;;;;FALSE;;;;;;;;;;;;;;;;;;;;;;;;;;;;;;;;;;;;;126
menus-de-la-cuisine-centrale-2016;Menus de la Cuisine centrale;"<p>Les menus proposés dans les cantines des écoles et des centres de loisirs de Saint-Malo sont élaborés par la Cuisine Centrale. Les menus sont conçus plusieurs semaines à l'avance : une Commission Restauration, réunissant des élus, des représentants de la Direction de l’Education, des agents de services, des parents d’élèves, des directeurs d’écoles et des représentants de la DDEN, a lieu tous les 2 mois pour valider les menus proposés pour la période à venir.</p> <div>Les données fournies ici correspondent aux menus validés qui seront réellement proposés dans les cantines, sous réserve de rares et éventuelles modifications de dernière minute.</div>
<div><div>Pour tous les aliments mis en oeuvre, des informations qualitatives peuvent être précisées :</div><ul>
<li>AOC-AOP</li><li>Arôme naturel</li><li>Bleu Blanc Coeur : Démarche d'alimentation animale basée sur l’herbe et les graines de lin oléagineux, de manière à produire des aliments plus riches en oméga3</li><li>Boeuf VF</li><li>Boeuf race à viande VF</li><li>Bio</li><li>Volaille certifiée : <em>Certification de Conformité Produit (CCP)</em>, qui signale le respect d'un cahier des charges de critères qualitatifs, contrôlé par un organisme certificateur tiers</li><li>Local : en provenance de l'Ille-et-Vilaine, en majorité autour de Saint-Malo. L'indication Local pour le poisson signifie que l'approvisionnement se fait auprès de la Compagnie des Pêches de Saint-Malo. L'indication Local pour les épices signifie que l'approvisionnement se fait auprès des Epices Roellinger à Cancale.</li><li>Label Rouge</li><li>MSC : <em>Marine Stewardship Council</em>, label de pêche durable</li><li>Présence de porc</li><li>Elaboré par le Chef et son équipe : plat entièrement élaboré à la cuisine centrale</li><li>Dessert du Chef : dessert entièrement élaboré à la cuisine centrale</li><li>Nouveauté</li></ul></div>";Hébergement, Restauration;cuisine, cantine, alimentation, restauration;Licence Ouverte (Etalab);https://www.etalab.gouv.fr/wp-content/uploads/2014/05/Licence_Ouverte.pdf;fr;;2019-11-27 13:29:13.862000+00:00;FALSE;FALSE;2019-11-27 13:30:47+00:00;2019-11-27 13:30:48.607406+00:00;;FALSE;;Ville de Saint-Malo;;1277;Source : Ville de Saint-Malo & SODEXO (titulaire du marché de restauration scolaire et hospitalière de Saint-Malo);;;;;;FALSE;;;;;;;;;;;;;;;;;;;;;;;;;;;;;;;;;;;;;31403
